{
    "$schema": "https://schema.management.azure.com/schemas/2015-01-01/deploymentTemplate.json#",
    "contentVersion": "1.0.0.0",
    "parameters": {
        "SQL Server Name": {
            "defaultValue": "az500labserver",
            "type": "string"
        }
    },
    "variables": {
        "sqlAdministratorLogin":"sqladmin",
        "sqlAdministratorLoginPassword":"Pa55w.rd"
    },
    "resources": [
        {
            "type": "Microsoft.Sql/servers",
            "apiVersion": "2015-05-01-preview",
            "name": "[parameters('SQL Server Name')]",
            "location": "eastus",
            "kind": "v12.0",
            "properties": {
                "administratorLogin": "[variables('sqlAdministratorLogin')]",
                "administratorLoginPassword": "[variables('sqlAdministratorLoginPassword')]",
                "version": "12.0"
            }
        },
        {
            "type": "Microsoft.Sql/servers/firewallRules",
            "apiVersion": "2015-05-01-preview",
            "name": "[concat(parameters('SQL Server Name'), '/AllowAllWindowsAzureIps')]",
            "dependsOn": [
                "[resourceId('Microsoft.Sql/servers', parameters('SQL Server Name'))]"
            ],
            "properties": {
                "startIpAddress": "0.0.0.0",
                "endIpAddress": "0.0.0.0"
            }
        },
        {
            "type": "Microsoft.Sql/servers/databases",
            "apiVersion": "2017-03-01-preview",
            "name": "[concat(parameters('SQL Server Name'), '/AZ500LabDb')]",
            "location": "eastus",
            "dependsOn": [
                "[resourceId('Microsoft.Sql/servers', parameters('SQL Server Name'))]"
            ],
            "sku": {
                "name": "Basic",
                "tier": "Basic"
            },
            "kind": "v12.0,user",
            "properties": {
                "collation": "SQL_Latin1_General_CP1_CI_AS",
                "maxSizeBytes": 2147483648,
                "catalogCollation": "SQL_Latin1_General_CP1_CI_AS",
                "zoneRedundant": false,
                "sampleName":"AdventureWorksLT"
            }
        }
    
  
      
 

      
    ]
}